,name,gas,pressure,temp,cutoff,path,Average loading absolute [mol/kg framework],Average loading excess [mol/kg framework],Average loading absolute [molecules/unit cell],Average loading excess [molecules/unit cell]
0,ABETAE_clean,CO2,5.0,298.0,14.0,ABETAE_clean_CO2_298.0K_5.0bar_14.0/Output/System_0,0.0,0.0,0.0,0.0
1,ACODAZ_clean,CO2,5.0,298.0,14.0,ACODAZ_clean_CO2_298.0K_5.0bar_14.0/Output/System_0,0.0,0.0,0.0,0.0
2,acs.cgd.6b00119_OLISUZ1440339_clean,CO2,5.0,298.0,14.0,acs.cgd.6b00119_OLISUZ1440339_clean_CO2_298.0K_5.0bar_14.0/Output/System_0,0.0,0.0,0.0,0.0
3,acs.cgd.6b00151_AKEDAX1449787_clean,CO2,5.0,298.0,14.0,acs.cgd.6b00151_AKEDAX1449787_clean_CO2_298.0K_5.0bar_14.0/Output/System_0,0.0,0.0,0.0,0.0
4,acs.inorgchem.6b00413_ic6b00413_si_003_clean,CO2,5.0,298.0,14.0,acs.inorgchem.6b00413_ic6b00413_si_003_clean_CO2_298.0K_5.0bar_14.0/Output/System_0,0.0,0.0,0.0,0.0
5,acs.inorgchem.6b01060_ic6b01060_si_003_clean,CO2,5.0,298.0,14.0,acs.inorgchem.6b01060_ic6b01060_si_003_clean_CO2_298.0K_5.0bar_14.0/Output/System_0,0.0,0.0,0.0,0.0
6,acs.inorgchem.6b01416_ic6b01416_si_004_clean,CO2,5.0,298.0,14.0,acs.inorgchem.6b01416_ic6b01416_si_004_clean_CO2_298.0K_5.0bar_14.0/Output/System_0,0.0,0.0,0.0,0.0
7,acs.inorgchem.6b02413_ic6b02413_si_002_clean,CO2,5.0,298.0,14.0,acs.inorgchem.6b02413_ic6b02413_si_002_clean_CO2_298.0K_5.0bar_14.0/Output/System_0,0.0,0.0,0.0,0.0
8,acs.jpcc.6b08594_Zn2Cd6MOF5_opt_clean,CO2,5.0,298.0,14.0,acs.jpcc.6b08594_Zn2Cd6MOF5_opt_clean_CO2_298.0K_5.0bar_14.0/Output/System_0,0.0,0.0,0.0,0.0
9,ADAVIM_clean,CO2,5.0,298.0,14.0,ADAVIM_clean_CO2_298.0K_5.0bar_14.0/Output/System_0,0.0,0.0,0.0,0.0
10,AHAMAY_clean,CO2,5.0,298.0,14.0,AHAMAY_clean_CO2_298.0K_5.0bar_14.0/Output/System_0,0.0,0.0,0.0,0.0
11,AMIWUP_clean,CO2,5.0,298.0,14.0,AMIWUP_clean_CO2_298.0K_5.0bar_14.0/Output/System_0,0.0,0.0,0.0,0.0
12,ANONAT_manual,CO2,5.0,298.0,14.0,ANONAT_manual_CO2_298.0K_5.0bar_14.0/Output/System_0,0.0,0.0,0.0,0.0
13,AQOMAW_clean,CO2,5.0,298.0,14.0,AQOMAW_clean_CO2_298.0K_5.0bar_14.0/Output/System_0,0.0,0.0,0.0,0.0
14,ARAHIM01_clean,CO2,5.0,298.0,14.0,ARAHIM01_clean_CO2_298.0K_5.0bar_14.0/Output/System_0,0.0,0.0,0.0,0.0
15,ARIDIQ_clean,CO2,5.0,298.0,14.0,ARIDIQ_clean_CO2_298.0K_5.0bar_14.0/Output/System_0,0.0,0.0,0.0,0.0
16,ASEKAM_clean,CO2,5.0,298.0,14.0,ASEKAM_clean_CO2_298.0K_5.0bar_14.0/Output/System_0,0.0,0.0,0.0,0.0
17,AVAKAL_clean,CO2,5.0,298.0,14.0,AVAKAL_clean_CO2_298.0K_5.0bar_14.0/Output/System_0,0.0,0.0,0.0,0.0
18,AVIVAC_clean,CO2,5.0,298.0,14.0,AVIVAC_clean_CO2_298.0K_5.0bar_14.0/Output/System_0,0.0,0.0,0.0,0.0
19,AVUCEA_clean,CO2,5.0,298.0,14.0,AVUCEA_clean_CO2_298.0K_5.0bar_14.0/Output/System_0,0.0,0.0,0.0,0.0
20,AWAGEL_clean,CO2,5.0,298.0,14.0,AWAGEL_clean_CO2_298.0K_5.0bar_14.0/Output/System_0,0.0,0.0,0.0,0.0
21,AZEBUE_clean,CO2,5.0,298.0,14.0,AZEBUE_clean_CO2_298.0K_5.0bar_14.0/Output/System_0,0.0,0.0,0.0,0.0
22,BALPIP_clean,CO2,5.0,298.0,14.0,BALPIP_clean_CO2_298.0K_5.0bar_14.0/Output/System_0,0.0,0.0,0.0,0.0
23,BASTEW_clean,CO2,5.0,298.0,14.0,BASTEW_clean_CO2_298.0K_5.0bar_14.0/Output/System_0,0.0,0.0,0.0,0.0
24,BASTUM_clean,CO2,5.0,298.0,14.0,BASTUM_clean_CO2_298.0K_5.0bar_14.0/Output/System_0,0.0,0.0,0.0,0.0
25,BEFNOR_clean,CO2,5.0,298.0,14.0,BEFNOR_clean_CO2_298.0K_5.0bar_14.0/Output/System_0,0.0,0.0,0.0,0.0
26,BEPNUH_clean,CO2,5.0,298.0,14.0,BEPNUH_clean_CO2_298.0K_5.0bar_14.0/Output/System_0,0.0,0.0,0.0,0.0
27,BEPVEZ_clean,CO2,5.0,298.0,14.0,BEPVEZ_clean_CO2_298.0K_5.0bar_14.0/Output/System_0,0.0,0.0,0.0,0.0
28,BEVRAW_clean,CO2,5.0,298.0,14.0,BEVRAW_clean_CO2_298.0K_5.0bar_14.0/Output/System_0,0.0,0.0,0.0,0.0
29,BEXVIL_clean,CO2,5.0,298.0,14.0,BEXVIL_clean_CO2_298.0K_5.0bar_14.0/Output/System_0,0.0,0.0,0.0,0.0
30,BIWSOQ_clean,CO2,5.0,298.0,14.0,BIWSOQ_clean_CO2_298.0K_5.0bar_14.0/Output/System_0,0.0,0.0,0.0,0.0
31,BIYTOU_clean,CO2,5.0,298.0,14.0,BIYTOU_clean_CO2_298.0K_5.0bar_14.0/Output/System_0,0.0,0.0,0.0,0.0
32,BIZMAA_clean,CO2,5.0,298.0,14.0,BIZMAA_clean_CO2_298.0K_5.0bar_14.0/Output/System_0,0.0,0.0,0.0,0.0
33,BOZFIH_clean,CO2,5.0,298.0,14.0,BOZFIH_clean_CO2_298.0K_5.0bar_14.0/Output/System_0,0.0,0.0,0.0,0.0
34,BUNLAZ_clean,CO2,5.0,298.0,14.0,BUNLAZ_clean_CO2_298.0K_5.0bar_14.0/Output/System_0,0.0,0.0,0.0,0.0
35,BUSQUC_clean,CO2,5.0,298.0,14.0,BUSQUC_clean_CO2_298.0K_5.0bar_14.0/Output/System_0,0.0,0.0,0.0,0.0
36,BUVKUA_clean,CO2,5.0,298.0,14.0,BUVKUA_clean_CO2_298.0K_5.0bar_14.0/Output/System_0,0.0,0.0,0.0,0.0
37,BUXNIT_clean,CO2,5.0,298.0,14.0,BUXNIT_clean_CO2_298.0K_5.0bar_14.0/Output/System_0,0.0,0.0,0.0,0.0
38,c4dt02169j_c4dt02169j2_clean,CO2,5.0,298.0,14.0,c4dt02169j_c4dt02169j2_clean_CO2_298.0K_5.0bar_14.0/Output/System_0,0.0,0.0,0.0,0.0
39,c4dt02316a_c4dt02316a2_clean,CO2,5.0,298.0,14.0,c4dt02316a_c4dt02316a2_clean_CO2_298.0K_5.0bar_14.0/Output/System_0,0.0,0.0,0.0,0.0
40,c4dt03077j_c4dt03077j2_clean,CO2,5.0,298.0,14.0,c4dt03077j_c4dt03077j2_clean_CO2_298.0K_5.0bar_14.0/Output/System_0,0.0,0.0,0.0,0.0
41,c5ce00181a_c5ce00181a2_clean,CO2,5.0,298.0,14.0,c5ce00181a_c5ce00181a2_clean_CO2_298.0K_5.0bar_14.0/Output/System_0,0.0,0.0,0.0,0.0
42,c5ce00388a_c5ce00388a2_clean,CO2,5.0,298.0,14.0,c5ce00388a_c5ce00388a2_clean_CO2_298.0K_5.0bar_14.0/Output/System_0,0.0,0.0,0.0,0.0
43,c5dt01526j_c5dt01526j2_clean,CO2,5.0,298.0,14.0,c5dt01526j_c5dt01526j2_clean_CO2_298.0K_5.0bar_14.0/Output/System_0,0.0,0.0,0.0,0.0
44,c5dt03038b_c5dt03038b2_clean,CO2,5.0,298.0,14.0,c5dt03038b_c5dt03038b2_clean_CO2_298.0K_5.0bar_14.0/Output/System_0,0.0,0.0,0.0,0.0
45,c5ra23254f_c5ra23254f2_clean,CO2,5.0,298.0,14.0,c5ra23254f_c5ra23254f2_clean_CO2_298.0K_5.0bar_14.0/Output/System_0,0.0,0.0,0.0,0.0
46,c6cc00862c_c6cc00862c2_clean,CO2,5.0,298.0,14.0,c6cc00862c_c6cc00862c2_clean_CO2_298.0K_5.0bar_14.0/Output/System_0,0.0,0.0,0.0,0.0
47,c6cc02494g_c6cc02494g6_clean,CO2,5.0,298.0,14.0,c6cc02494g_c6cc02494g6_clean_CO2_298.0K_5.0bar_14.0/Output/System_0,0.0,0.0,0.0,0.0
48,c6ce00134c_c6ce00134c2_clean,CO2,5.0,298.0,14.0,c6ce00134c_c6ce00134c2_clean_CO2_298.0K_5.0bar_14.0/Output/System_0,0.0,0.0,0.0,0.0
49,c6ce00407e_c6ce00407e10_clean,CO2,5.0,298.0,14.0,c6ce00407e_c6ce00407e10_clean_CO2_298.0K_5.0bar_14.0/Output/System_0,0.0,0.0,0.0,0.0
50,c6ce00407e_c6ce00407e5_clean,CO2,5.0,298.0,14.0,c6ce00407e_c6ce00407e5_clean_CO2_298.0K_5.0bar_14.0/Output/System_0,0.0,0.0,0.0,0.0
51,c6ce00407e_c6ce00407e9_clean,CO2,5.0,298.0,14.0,c6ce00407e_c6ce00407e9_clean_CO2_298.0K_5.0bar_14.0/Output/System_0,0.0,0.0,0.0,0.0
52,c6cp03028a_c6cp03028a3_clean,CO2,5.0,298.0,14.0,c6cp03028a_c6cp03028a3_clean_CO2_298.0K_5.0bar_14.0/Output/System_0,0.0,0.0,0.0,0.0
53,c6ra03969c_c6ra03969c2_clean,CO2,5.0,298.0,14.0,c6ra03969c_c6ra03969c2_clean_CO2_298.0K_5.0bar_14.0/Output/System_0,0.0,0.0,0.0,0.0
54,c6ra14268k_c6ra14268k2_clean,CO2,5.0,298.0,14.0,c6ra14268k_c6ra14268k2_clean_CO2_298.0K_5.0bar_14.0/Output/System_0,0.0,0.0,0.0,0.0
55,c6ta02340a_c6ta02340a2_clean,CO2,5.0,298.0,14.0,c6ta02340a_c6ta02340a2_clean_CO2_298.0K_5.0bar_14.0/Output/System_0,0.0,0.0,0.0,0.0
56,CAHQAG_clean,CO2,5.0,298.0,14.0,CAHQAG_clean_CO2_298.0K_5.0bar_14.0/Output/System_0,0.0,0.0,0.0,0.0
57,CAKFEB01_clean,CO2,5.0,298.0,14.0,CAKFEB01_clean_CO2_298.0K_5.0bar_14.0/Output/System_0,0.0,0.0,0.0,0.0
58,CAVSUP_clean,CO2,5.0,298.0,14.0,CAVSUP_clean_CO2_298.0K_5.0bar_14.0/Output/System_0,0.0,0.0,0.0,0.0
59,CAWDOU02_clean,CO2,5.0,298.0,14.0,CAWDOU02_clean_CO2_298.0K_5.0bar_14.0/Output/System_0,0.0,0.0,0.0,0.0
60,CEHROY_clean,CO2,5.0,298.0,14.0,CEHROY_clean_CO2_298.0K_5.0bar_14.0/Output/System_0,0.0,0.0,0.0,0.0
61,CEHTEP_clean,CO2,5.0,298.0,14.0,CEHTEP_clean_CO2_298.0K_5.0bar_14.0/Output/System_0,0.0,0.0,0.0,0.0
62,CENJIQ_clean,CO2,5.0,298.0,14.0,CENJIQ_clean_CO2_298.0K_5.0bar_14.0/Output/System_0,0.0,0.0,0.0,0.0
63,CESFOW_clean,CO2,5.0,298.0,14.0,CESFOW_clean_CO2_298.0K_5.0bar_14.0/Output/System_0,0.0,0.0,0.0,0.0
64,cg200332y_si_002_clean,CO2,5.0,298.0,14.0,cg200332y_si_002_clean_CO2_298.0K_5.0bar_14.0/Output/System_0,0.0,0.0,0.0,0.0
65,CICYIX_clean,CO2,5.0,298.0,14.0,CICYIX_clean_CO2_298.0K_5.0bar_14.0/Output/System_0,0.0,0.0,0.0,0.0
66,CIPCUB_clean,CO2,5.0,298.0,14.0,CIPCUB_clean_CO2_298.0K_5.0bar_14.0/Output/System_0,0.0,0.0,0.0,0.0
67,cm503311x_alf450K_clean,CO2,5.0,298.0,14.0,cm503311x_alf450K_clean_CO2_298.0K_5.0bar_14.0/Output/System_0,0.0,0.0,0.0,0.0
68,cm503767r_cm503767r_si_002_clean,CO2,5.0,298.0,14.0,cm503767r_cm503767r_si_002_clean_CO2_298.0K_5.0bar_14.0/Output/System_0,0.0,0.0,0.0,0.0
69,COCMUE_clean,CO2,5.0,298.0,14.0,COCMUE_clean_CO2_298.0K_5.0bar_14.0/Output/System_0,0.0,0.0,0.0,0.0
70,CODMUF_clean,CO2,5.0,298.0,14.0,CODMUF_clean_CO2_298.0K_5.0bar_14.0/Output/System_0,0.0,0.0,0.0,0.0
71,CODSOF_clean,CO2,5.0,298.0,14.0,CODSOF_clean_CO2_298.0K_5.0bar_14.0/Output/System_0,0.0,0.0,0.0,0.0
72,COKFAK_clean,CO2,5.0,298.0,14.0,COKFAK_clean_CO2_298.0K_5.0bar_14.0/Output/System_0,0.0,0.0,0.0,0.0
73,COTVOY_clean,CO2,5.0,298.0,14.0,COTVOY_clean_CO2_298.0K_5.0bar_14.0/Output/System_0,0.0,0.0,0.0,0.0
74,COTXOA_clean,CO2,5.0,298.0,14.0,COTXOA_clean_CO2_298.0K_5.0bar_14.0/Output/System_0,0.0,0.0,0.0,0.0
75,COWXOC_clean,CO2,5.0,298.0,14.0,COWXOC_clean_CO2_298.0K_5.0bar_14.0/Output/System_0,0.0,0.0,0.0,0.0
76,COYCEZ_clean,CO2,5.0,298.0,14.0,COYCEZ_clean_CO2_298.0K_5.0bar_14.0/Output/System_0,0.0,0.0,0.0,0.0
77,CUGFAN01_clean,CO2,5.0,298.0,14.0,CUGFAN01_clean_CO2_298.0K_5.0bar_14.0/Output/System_0,0.0,0.0,0.0,0.0
78,CUHLUO_clean,CO2,5.0,298.0,14.0,CUHLUO_clean_CO2_298.0K_5.0bar_14.0/Output/System_0,0.0,0.0,0.0,0.0
79,CUNQOT_clean,CO2,5.0,298.0,14.0,CUNQOT_clean_CO2_298.0K_5.0bar_14.0/Output/System_0,0.0,0.0,0.0,0.0
80,CUPHUS_clean,CO2,5.0,298.0,14.0,CUPHUS_clean_CO2_298.0K_5.0bar_14.0/Output/System_0,0.0,0.0,0.0,0.0
81,CUQRUD_clean,CO2,5.0,298.0,14.0,CUQRUD_clean_CO2_298.0K_5.0bar_14.0/Output/System_0,0.0,0.0,0.0,0.0
82,CUSZEX_clean,CO2,5.0,298.0,14.0,CUSZEX_clean_CO2_298.0K_5.0bar_14.0/Output/System_0,0.0,0.0,0.0,0.0
83,CUYWUP_clean,CO2,5.0,298.0,14.0,CUYWUP_clean_CO2_298.0K_5.0bar_14.0/Output/System_0,0.0,0.0,0.0,0.0
84,DACSEI_clean,CO2,5.0,298.0,14.0,DACSEI_clean_CO2_298.0K_5.0bar_14.0/Output/System_0,0.0,0.0,0.0,0.0
85,DAFJOM_clean,CO2,5.0,298.0,14.0,DAFJOM_clean_CO2_298.0K_5.0bar_14.0/Output/System_0,0.0,0.0,0.0,0.0
86,DAKHUU_clean,CO2,5.0,298.0,14.0,DAKHUU_clean_CO2_298.0K_5.0bar_14.0/Output/System_0,0.0,0.0,0.0,0.0
87,DALSER_clean,CO2,5.0,298.0,14.0,DALSER_clean_CO2_298.0K_5.0bar_14.0/Output/System_0,0.0,0.0,0.0,0.0
88,DARVAW_clean,CO2,5.0,298.0,14.0,DARVAW_clean_CO2_298.0K_5.0bar_14.0/Output/System_0,0.0,0.0,0.0,0.0
89,DAWBIO_clean,CO2,5.0,298.0,14.0,DAWBIO_clean_CO2_298.0K_5.0bar_14.0/Output/System_0,0.0,0.0,0.0,0.0
90,DAWCOV_clean,CO2,5.0,298.0,14.0,DAWCOV_clean_CO2_298.0K_5.0bar_14.0/Output/System_0,0.0,0.0,0.0,0.0
91,DEPXAY_clean,CO2,5.0,298.0,14.0,DEPXAY_clean_CO2_298.0K_5.0bar_14.0/Output/System_0,0.0,0.0,0.0,0.0
92,DEYLUQ_clean,CO2,5.0,298.0,14.0,DEYLUQ_clean_CO2_298.0K_5.0bar_14.0/Output/System_0,0.0,0.0,0.0,0.0
93,DIYTEM_clean,CO2,5.0,298.0,14.0,DIYTEM_clean_CO2_298.0K_5.0bar_14.0/Output/System_0,0.0,0.0,0.0,0.0
94,DOJXOQ_clean,CO2,5.0,298.0,14.0,DOJXOQ_clean_CO2_298.0K_5.0bar_14.0/Output/System_0,0.0,0.0,0.0,0.0
95,DUBKAO_clean,CO2,5.0,298.0,14.0,DUBKAO_clean_CO2_298.0K_5.0bar_14.0/Output/System_0,0.0,0.0,0.0,0.0
96,DUGGOD_clean,CO2,5.0,298.0,14.0,DUGGOD_clean_CO2_298.0K_5.0bar_14.0/Output/System_0,0.0,0.0,0.0,0.0
97,DUNXUH15_clean,CO2,5.0,298.0,14.0,DUNXUH15_clean_CO2_298.0K_5.0bar_14.0/Output/System_0,0.0,0.0,0.0,0.0
98,DURDIF_clean,CO2,5.0,298.0,14.0,DURDIF_clean_CO2_298.0K_5.0bar_14.0/Output/System_0,0.0,0.0,0.0,0.0
99,EBEGID_clean,CO2,5.0,298.0,14.0,EBEGID_clean_CO2_298.0K_5.0bar_14.0/Output/System_0,0.0,0.0,0.0,0.0
100,EBELUU_clean,CO2,5.0,298.0,14.0,EBELUU_clean_CO2_298.0K_5.0bar_14.0/Output/System_0,0.0,0.0,0.0,0.0
101,EBITAL01_clean,CO2,5.0,298.0,14.0,EBITAL01_clean_CO2_298.0K_5.0bar_14.0/Output/System_0,0.0,0.0,0.0,0.0
102,EBOBIJ_clean,CO2,5.0,298.0,14.0,EBOBIJ_clean_CO2_298.0K_5.0bar_14.0/Output/System_0,0.0,0.0,0.0,0.0
103,ECODEG_clean,CO2,5.0,298.0,14.0,ECODEG_clean_CO2_298.0K_5.0bar_14.0/Output/System_0,0.0,0.0,0.0,0.0
104,EGEJIK_manual,CO2,5.0,298.0,14.0,EGEJIK_manual_CO2_298.0K_5.0bar_14.0/Output/System_0,0.0,0.0,0.0,0.0
105,EHIHEI_clean,CO2,5.0,298.0,14.0,EHIHEI_clean_CO2_298.0K_5.0bar_14.0/Output/System_0,0.0,0.0,0.0,0.0
106,EHIHOU_clean,CO2,5.0,298.0,14.0,EHIHOU_clean_CO2_298.0K_5.0bar_14.0/Output/System_0,0.0,0.0,0.0,0.0
107,EJEFOP_clean,CO2,5.0,298.0,14.0,EJEFOP_clean_CO2_298.0K_5.0bar_14.0/Output/System_0,0.0,0.0,0.0,0.0
108,ELERIX_clean,CO2,5.0,298.0,14.0,ELERIX_clean_CO2_298.0K_5.0bar_14.0/Output/System_0,0.0,0.0,0.0,0.0
109,EPISOM_clean,CO2,5.0,298.0,14.0,EPISOM_clean_CO2_298.0K_5.0bar_14.0/Output/System_0,0.0,0.0,0.0,0.0
110,EQOCES01_clean,CO2,5.0,298.0,14.0,EQOCES01_clean_CO2_298.0K_5.0bar_14.0/Output/System_0,0.0,0.0,0.0,0.0
111,ESURER04_clean,CO2,5.0,298.0,14.0,ESURER04_clean_CO2_298.0K_5.0bar_14.0/Output/System_0,0.0,0.0,0.0,0.0
112,ETEMEX_clean,CO2,5.0,298.0,14.0,ETEMEX_clean_CO2_298.0K_5.0bar_14.0/Output/System_0,0.0,0.0,0.0,0.0
113,ETESIG_clean,CO2,5.0,298.0,14.0,ETESIG_clean_CO2_298.0K_5.0bar_14.0/Output/System_0,0.0,0.0,0.0,0.0
114,ETUWEW_clean,CO2,5.0,298.0,14.0,ETUWEW_clean_CO2_298.0K_5.0bar_14.0/Output/System_0,0.0,0.0,0.0,0.0
115,ETUWIA_clean,CO2,5.0,298.0,14.0,ETUWIA_clean_CO2_298.0K_5.0bar_14.0/Output/System_0,0.0,0.0,0.0,0.0
116,EWETUW_clean,CO2,5.0,298.0,14.0,EWETUW_clean_CO2_298.0K_5.0bar_14.0/Output/System_0,0.0,0.0,0.0,0.0
117,EWUFAF_clean,CO2,5.0,298.0,14.0,EWUFAF_clean_CO2_298.0K_5.0bar_14.0/Output/System_0,0.0,0.0,0.0,0.0
118,EWUTEW_clean,CO2,5.0,298.0,14.0,EWUTEW_clean_CO2_298.0K_5.0bar_14.0/Output/System_0,0.0,0.0,0.0,0.0
119,EXOFIH_clean,CO2,5.0,298.0,14.0,EXOFIH_clean_CO2_298.0K_5.0bar_14.0/Output/System_0,0.0,0.0,0.0,0.0
120,EXUHEM_clean,CO2,5.0,298.0,14.0,EXUHEM_clean_CO2_298.0K_5.0bar_14.0/Output/System_0,0.0,0.0,0.0,0.0
121,EYIYES_clean,CO2,5.0,298.0,14.0,EYIYES_clean_CO2_298.0K_5.0bar_14.0/Output/System_0,0.0,0.0,0.0,0.0
122,EZUCOS_SL,CO2,5.0,298.0,14.0,EZUCOS_SL_CO2_298.0K_5.0bar_14.0/Output/System_0,0.0,0.0,0.0,0.0
123,EZULAO_clean,CO2,5.0,298.0,14.0,EZULAO_clean_CO2_298.0K_5.0bar_14.0/Output/System_0,0.0,0.0,0.0,0.0
124,FAGQAI_clean,CO2,5.0,298.0,14.0,FAGQAI_clean_CO2_298.0K_5.0bar_14.0/Output/System_0,0.0,0.0,0.0,0.0
125,FAGVUH_clean,CO2,5.0,298.0,14.0,FAGVUH_clean_CO2_298.0K_5.0bar_14.0/Output/System_0,0.0,0.0,0.0,0.0
126,FAJYAS_clean,CO2,5.0,298.0,14.0,FAJYAS_clean_CO2_298.0K_5.0bar_14.0/Output/System_0,0.0,0.0,0.0,0.0
127,FALSAO_clean,CO2,5.0,298.0,14.0,FALSAO_clean_CO2_298.0K_5.0bar_14.0/Output/System_0,0.0,0.0,0.0,0.0
128,FAMHAE01_clean,CO2,5.0,298.0,14.0,FAMHAE01_clean_CO2_298.0K_5.0bar_14.0/Output/System_0,0.0,0.0,0.0,0.0
129,FARFIO_clean,CO2,5.0,298.0,14.0,FARFIO_clean_CO2_298.0K_5.0bar_14.0/Output/System_0,0.0,0.0,0.0,0.0
130,FEFVES_clean,CO2,5.0,298.0,14.0,FEFVES_clean_CO2_298.0K_5.0bar_14.0/Output/System_0,0.0,0.0,0.0,0.0
131,FIJDIM08_clean,CO2,5.0,298.0,14.0,FIJDIM08_clean_CO2_298.0K_5.0bar_14.0/Output/System_0,0.0,0.0,0.0,0.0
132,FIPJAR01_clean,CO2,5.0,298.0,14.0,FIPJAR01_clean_CO2_298.0K_5.0bar_14.0/Output/System_0,0.0,0.0,0.0,0.0
133,FIQYUA_clean,CO2,5.0,298.0,14.0,FIQYUA_clean_CO2_298.0K_5.0bar_14.0/Output/System_0,0.0,0.0,0.0,0.0
134,FONQIJ_clean,CO2,5.0,298.0,14.0,FONQIJ_clean_CO2_298.0K_5.0bar_14.0/Output/System_0,0.0,0.0,0.0,0.0
135,FOZCAA_clean,CO2,5.0,298.0,14.0,FOZCAA_clean_CO2_298.0K_5.0bar_14.0/Output/System_0,0.0,0.0,0.0,0.0
136,FUVDEH02_clean,CO2,5.0,298.0,14.0,FUVDEH02_clean_CO2_298.0K_5.0bar_14.0/Output/System_0,0.0,0.0,0.0,0.0
137,FUVDEH07_clean,CO2,5.0,298.0,14.0,FUVDEH07_clean_CO2_298.0K_5.0bar_14.0/Output/System_0,0.0,0.0,0.0,0.0
138,FUVDEH10_clean,CO2,5.0,298.0,14.0,FUVDEH10_clean_CO2_298.0K_5.0bar_14.0/Output/System_0,0.0,0.0,0.0,0.0
139,FUYCAE_clean,CO2,5.0,298.0,14.0,FUYCAE_clean_CO2_298.0K_5.0bar_14.0/Output/System_0,0.0,0.0,0.0,0.0
140,GACBIY_clean,CO2,5.0,298.0,14.0,GACBIY_clean_CO2_298.0K_5.0bar_14.0/Output/System_0,0.0,0.0,0.0,0.0
141,GAFGEC_clean,CO2,5.0,298.0,14.0,GAFGEC_clean_CO2_298.0K_5.0bar_14.0/Output/System_0,0.0,0.0,0.0,0.0
142,GEBPEK_clean,CO2,5.0,298.0,14.0,GEBPEK_clean_CO2_298.0K_5.0bar_14.0/Output/System_0,0.0,0.0,0.0,0.0
143,GEBSAJ_clean,CO2,5.0,298.0,14.0,GEBSAJ_clean_CO2_298.0K_5.0bar_14.0/Output/System_0,0.0,0.0,0.0,0.0
144,GEDSAL_clean,CO2,5.0,298.0,14.0,GEDSAL_clean_CO2_298.0K_5.0bar_14.0/Output/System_0,0.0,0.0,0.0,0.0
145,GELVID_clean,CO2,5.0,298.0,14.0,GELVID_clean_CO2_298.0K_5.0bar_14.0/Output/System_0,0.0,0.0,0.0,0.0
146,GIKMOD11_clean,CO2,5.0,298.0,14.0,GIKMOD11_clean_CO2_298.0K_5.0bar_14.0/Output/System_0,0.0,0.0,0.0,0.0
147,GINPAW_clean,CO2,5.0,298.0,14.0,GINPAW_clean_CO2_298.0K_5.0bar_14.0/Output/System_0,0.0,0.0,0.0,0.0
148,GOQXAN_clean,CO2,5.0,298.0,14.0,GOQXAN_clean_CO2_298.0K_5.0bar_14.0/Output/System_0,0.0,0.0,0.0,0.0
149,GOTDIE_clean,CO2,5.0,298.0,14.0,GOTDIE_clean_CO2_298.0K_5.0bar_14.0/Output/System_0,0.0,0.0,0.0,0.0
150,GOYPAN_clean,CO2,5.0,298.0,14.0,GOYPAN_clean_CO2_298.0K_5.0bar_14.0/Output/System_0,0.0,0.0,0.0,0.0
151,GOYXUP_clean,CO2,5.0,298.0,14.0,GOYXUP_clean_CO2_298.0K_5.0bar_14.0/Output/System_0,0.0,0.0,0.0,0.0
152,GUDJOG_clean,CO2,5.0,298.0,14.0,GUDJOG_clean_CO2_298.0K_5.0bar_14.0/Output/System_0,0.0,0.0,0.0,0.0
153,GUJGEY_clean,CO2,5.0,298.0,14.0,GUJGEY_clean_CO2_298.0K_5.0bar_14.0/Output/System_0,0.0,0.0,0.0,0.0
154,GUKXIU_clean,CO2,5.0,298.0,14.0,GUKXIU_clean_CO2_298.0K_5.0bar_14.0/Output/System_0,0.0,0.0,0.0,0.0
155,GULWOA_clean,CO2,5.0,298.0,14.0,GULWOA_clean_CO2_298.0K_5.0bar_14.0/Output/System_0,0.0,0.0,0.0,0.0
156,GUPBUP_SL,CO2,5.0,298.0,14.0,GUPBUP_SL_CO2_298.0K_5.0bar_14.0/Output/System_0,0.0,0.0,0.0,0.0
157,GUSJOU_clean,CO2,5.0,298.0,14.0,GUSJOU_clean_CO2_298.0K_5.0bar_14.0/Output/System_0,0.0,0.0,0.0,0.0
158,HADPOU_clean,CO2,5.0,298.0,14.0,HADPOU_clean_CO2_298.0K_5.0bar_14.0/Output/System_0,0.0,0.0,0.0,0.0
159,HAJDII_clean,CO2,5.0,298.0,14.0,HAJDII_clean_CO2_298.0K_5.0bar_14.0/Output/System_0,0.0,0.0,0.0,0.0
160,HAJYEZ_clean,CO2,5.0,298.0,14.0,HAJYEZ_clean_CO2_298.0K_5.0bar_14.0/Output/System_0,0.0,0.0,0.0,0.0
161,HAKSEU_clean,CO2,5.0,298.0,14.0,HAKSEU_clean_CO2_298.0K_5.0bar_14.0/Output/System_0,0.0,0.0,0.0,0.0
162,HAKWUM_clean,CO2,5.0,298.0,14.0,HAKWUM_clean_CO2_298.0K_5.0bar_14.0/Output/System_0,0.0,0.0,0.0,0.0
163,HAMJOW_clean,CO2,5.0,298.0,14.0,HAMJOW_clean_CO2_298.0K_5.0bar_14.0/Output/System_0,0.0,0.0,0.0,0.0
164,HASTAY_clean,CO2,5.0,298.0,14.0,HASTAY_clean_CO2_298.0K_5.0bar_14.0/Output/System_0,0.0,0.0,0.0,0.0
165,HAWVAE_clean,CO2,5.0,298.0,14.0,HAWVAE_clean_CO2_298.0K_5.0bar_14.0/Output/System_0,0.0,0.0,0.0,0.0
166,HAWWAF_clean,CO2,5.0,298.0,14.0,HAWWAF_clean_CO2_298.0K_5.0bar_14.0/Output/System_0,0.0,0.0,0.0,0.0
167,HAZNON_clean,CO2,5.0,298.0,14.0,HAZNON_clean_CO2_298.0K_5.0bar_14.0/Output/System_0,0.0,0.0,0.0,0.0
168,HEXVEM_clean,CO2,5.0,298.0,14.0,HEXVEM_clean_CO2_298.0K_5.0bar_14.0/Output/System_0,0.0,0.0,0.0,0.0
169,HEZPIL01_clean,CO2,5.0,298.0,14.0,HEZPIL01_clean_CO2_298.0K_5.0bar_14.0/Output/System_0,0.0,0.0,0.0,0.0
170,HIDDAB_clean,CO2,5.0,298.0,14.0,HIDDAB_clean_CO2_298.0K_5.0bar_14.0/Output/System_0,0.0,0.0,0.0,0.0
171,HIFGEK_clean,CO2,5.0,298.0,14.0,HIFGEK_clean_CO2_298.0K_5.0bar_14.0/Output/System_0,0.0,0.0,0.0,0.0
172,HIJSOK_clean,CO2,5.0,298.0,14.0,HIJSOK_clean_CO2_298.0K_5.0bar_14.0/Output/System_0,0.0,0.0,0.0,0.0
173,HOBGAH_clean,CO2,5.0,298.0,14.0,HOBGAH_clean_CO2_298.0K_5.0bar_14.0/Output/System_0,0.0,0.0,0.0,0.0
174,HOBGOV_clean,CO2,5.0,298.0,14.0,HOBGOV_clean_CO2_298.0K_5.0bar_14.0/Output/System_0,0.0,0.0,0.0,0.0
175,HOMZEP_clean,CO2,5.0,298.0,14.0,HOMZEP_clean_CO2_298.0K_5.0bar_14.0/Output/System_0,0.0,0.0,0.0,0.0
176,HOTWUJ_clean,CO2,5.0,298.0,14.0,HOTWUJ_clean_CO2_298.0K_5.0bar_14.0/Output/System_0,0.0,0.0,0.0,0.0
177,HOWJEK_clean,CO2,5.0,298.0,14.0,HOWJEK_clean_CO2_298.0K_5.0bar_14.0/Output/System_0,0.0,0.0,0.0,0.0
178,HOYRIY_clean,CO2,5.0,298.0,14.0,HOYRIY_clean_CO2_298.0K_5.0bar_14.0/Output/System_0,0.0,0.0,0.0,0.0
179,HUCFAO_clean,CO2,5.0,298.0,14.0,HUCFAO_clean_CO2_298.0K_5.0bar_14.0/Output/System_0,0.0,0.0,0.0,0.0
180,HUFHEX_clean,CO2,5.0,298.0,14.0,HUFHEX_clean_CO2_298.0K_5.0bar_14.0/Output/System_0,0.0,0.0,0.0,0.0
181,HULTEN_clean,CO2,5.0,298.0,14.0,HULTEN_clean_CO2_298.0K_5.0bar_14.0/Output/System_0,0.0,0.0,0.0,0.0
182,HUWDEJ_clean,CO2,5.0,298.0,14.0,HUWDEJ_clean_CO2_298.0K_5.0bar_14.0/Output/System_0,0.0,0.0,0.0,0.0
183,HUZFEO_clean,CO2,5.0,298.0,14.0,HUZFEO_clean_CO2_298.0K_5.0bar_14.0/Output/System_0,0.0,0.0,0.0,0.0
184,HUZXOR_clean,CO2,5.0,298.0,14.0,HUZXOR_clean_CO2_298.0K_5.0bar_14.0/Output/System_0,0.0,0.0,0.0,0.0
185,HUZYAE_clean,CO2,5.0,298.0,14.0,HUZYAE_clean_CO2_298.0K_5.0bar_14.0/Output/System_0,0.0,0.0,0.0,0.0
186,IBICON_clean,CO2,5.0,298.0,14.0,IBICON_clean_CO2_298.0K_5.0bar_14.0/Output/System_0,0.0,0.0,0.0,0.0
187,IBOTEY_clean,CO2,5.0,298.0,14.0,IBOTEY_clean_CO2_298.0K_5.0bar_14.0/Output/System_0,0.0,0.0,0.0,0.0
188,ic060608urom20060410_101638_clean,CO2,5.0,298.0,14.0,ic060608urom20060410_101638_clean_CO2_298.0K_5.0bar_14.0/Output/System_0,0.0,0.0,0.0,0.0
189,ic100188w_si_002_clean,CO2,5.0,298.0,14.0,ic100188w_si_002_clean_CO2_298.0K_5.0bar_14.0/Output/System_0,0.0,0.0,0.0,0.0
190,ic2017598_si_001_clean_h,CO2,5.0,298.0,14.0,ic2017598_si_001_clean_h_CO2_298.0K_5.0bar_14.0/Output/System_0,0.0,0.0,0.0,0.0
191,ic402058f_si_003_clean,CO2,5.0,298.0,14.0,ic402058f_si_003_clean_CO2_298.0K_5.0bar_14.0/Output/System_0,0.0,0.0,0.0,0.0
192,ic402614w_si_002_clean,CO2,5.0,298.0,14.0,ic402614w_si_002_clean_CO2_298.0K_5.0bar_14.0/Output/System_0,0.0,0.0,0.0,0.0
193,ic501898x_si_005_clean,CO2,5.0,298.0,14.0,ic501898x_si_005_clean_CO2_298.0K_5.0bar_14.0/Output/System_0,0.0,0.0,0.0,0.0
194,ic502478u_si_003_clean,CO2,5.0,298.0,14.0,ic502478u_si_003_clean_CO2_298.0K_5.0bar_14.0/Output/System_0,0.0,0.0,0.0,0.0
195,IJEVEA_clean,CO2,5.0,298.0,14.0,IJEVEA_clean_CO2_298.0K_5.0bar_14.0/Output/System_0,0.0,0.0,0.0,0.0
196,IKETIC_clean,CO2,5.0,298.0,14.0,IKETIC_clean_CO2_298.0K_5.0bar_14.0/Output/System_0,0.0,0.0,0.0,0.0
197,IKOTUZ_clean,CO2,5.0,298.0,14.0,IKOTUZ_clean_CO2_298.0K_5.0bar_14.0/Output/System_0,0.0,0.0,0.0,0.0
198,ILASIZ_clean,CO2,5.0,298.0,14.0,ILASIZ_clean_CO2_298.0K_5.0bar_14.0/Output/System_0,0.0,0.0,0.0,0.0
199,ILIGEP_clean,CO2,5.0,298.0,14.0,ILIGEP_clean_CO2_298.0K_5.0bar_14.0/Output/System_0,0.0,0.0,0.0,0.0
200,ILOJEZ_clean,CO2,5.0,298.0,14.0,ILOJEZ_clean_CO2_298.0K_5.0bar_14.0/Output/System_0,0.0,0.0,0.0,0.0
201,ILUFOL_clean,CO2,5.0,298.0,14.0,ILUFOL_clean_CO2_298.0K_5.0bar_14.0/Output/System_0,0.0,0.0,0.0,0.0
202,ILUGOM_clean,CO2,5.0,298.0,14.0,ILUGOM_clean_CO2_298.0K_5.0bar_14.0/Output/System_0,0.0,0.0,0.0,0.0
203,ILUHUT_clean,CO2,5.0,298.0,14.0,ILUHUT_clean_CO2_298.0K_5.0bar_14.0/Output/System_0,0.0,0.0,0.0,0.0
204,IMAXOL_clean,CO2,5.0,298.0,14.0,IMAXOL_clean_CO2_298.0K_5.0bar_14.0/Output/System_0,0.0,0.0,0.0,0.0
205,INIDAL_clean,CO2,5.0,298.0,14.0,INIDAL_clean_CO2_298.0K_5.0bar_14.0/Output/System_0,0.0,0.0,0.0,0.0
206,INIQUR_clean,CO2,5.0,298.0,14.0,INIQUR_clean_CO2_298.0K_5.0bar_14.0/Output/System_0,0.0,0.0,0.0,0.0
207,INOVEN_clean,CO2,5.0,298.0,14.0,INOVEN_clean_CO2_298.0K_5.0bar_14.0/Output/System_0,0.0,0.0,0.0,0.0
208,IRAJER_clean,CO2,5.0,298.0,14.0,IRAJER_clean_CO2_298.0K_5.0bar_14.0/Output/System_0,0.0,0.0,0.0,0.0
209,ITIPOS_clean,CO2,5.0,298.0,14.0,ITIPOS_clean_CO2_298.0K_5.0bar_14.0/Output/System_0,0.0,0.0,0.0,0.0
210,IWOTAQ_clean,CO2,5.0,298.0,14.0,IWOTAQ_clean_CO2_298.0K_5.0bar_14.0/Output/System_0,0.0,0.0,0.0,0.0
211,IXOFOR_clean,CO2,5.0,298.0,14.0,IXOFOR_clean_CO2_298.0K_5.0bar_14.0/Output/System_0,0.0,0.0,0.0,0.0
212,IYAZAL_clean,CO2,5.0,298.0,14.0,IYAZAL_clean_CO2_298.0K_5.0bar_14.0/Output/System_0,0.0,0.0,0.0,0.0
213,IYEPUZ_clean,CO2,5.0,298.0,14.0,IYEPUZ_clean_CO2_298.0K_5.0bar_14.0/Output/System_0,0.0,0.0,0.0,0.0
214,IYESUC_clean,CO2,5.0,298.0,14.0,IYESUC_clean_CO2_298.0K_5.0bar_14.0/Output/System_0,0.0,0.0,0.0,0.0
215,IYITOB_clean,CO2,5.0,298.0,14.0,IYITOB_clean_CO2_298.0K_5.0bar_14.0/Output/System_0,0.0,0.0,0.0,0.0
216,IYOBAA_clean,CO2,5.0,298.0,14.0,IYOBAA_clean_CO2_298.0K_5.0bar_14.0/Output/System_0,0.0,0.0,0.0,0.0
217,IYOCIK_clean,CO2,5.0,298.0,14.0,IYOCIK_clean_CO2_298.0K_5.0bar_14.0/Output/System_0,0.0,0.0,0.0,0.0
218,IYOVOI_clean,CO2,5.0,298.0,14.0,IYOVOI_clean_CO2_298.0K_5.0bar_14.0/Output/System_0,0.0,0.0,0.0,0.0
219,j.catcom.2016.08.039_1_clean,CO2,5.0,298.0,14.0,j.catcom.2016.08.039_1_clean_CO2_298.0K_5.0bar_14.0/Output/System_0,0.0,0.0,0.0,0.0
220,j.jlumin.2016.09.057_mmc2_clean,CO2,5.0,298.0,14.0,j.jlumin.2016.09.057_mmc2_clean_CO2_298.0K_5.0bar_14.0/Output/System_0,0.0,0.0,0.0,0.0
221,j.jssc.2014.12.022_1-squeeze_clean,CO2,5.0,298.0,14.0,j.jssc.2014.12.022_1-squeeze_clean_CO2_298.0K_5.0bar_14.0/Output/System_0,0.0,0.0,0.0,0.0
222,ja4015666_si_003_clean,CO2,5.0,298.0,14.0,ja4015666_si_003_clean_CO2_298.0K_5.0bar_14.0/Output/System_0,0.0,0.0,0.0,0.0
223,ja5b00450_si_003_clean,CO2,5.0,298.0,14.0,ja5b00450_si_003_clean_CO2_298.0K_5.0bar_14.0/Output/System_0,0.0,0.0,0.0,0.0
224,ja5b02777_si_004_clean,CO2,5.0,298.0,14.0,ja5b02777_si_004_clean_CO2_298.0K_5.0bar_14.0/Output/System_0,0.0,0.0,0.0,0.0
225,jacs.6b08724_ja6b08724_si_012_clean,CO2,5.0,298.0,14.0,jacs.6b08724_ja6b08724_si_012_clean_CO2_298.0K_5.0bar_14.0/Output/System_0,0.0,0.0,0.0,0.0
226,JAKBOP01_clean,CO2,5.0,298.0,14.0,JAKBOP01_clean_CO2_298.0K_5.0bar_14.0/Output/System_0,0.0,0.0,0.0,0.0
227,JAVWUY_clean,CO2,5.0,298.0,14.0,JAVWUY_clean_CO2_298.0K_5.0bar_14.0/Output/System_0,0.0,0.0,0.0,0.0
228,JEMNAR_clean,CO2,5.0,298.0,14.0,JEMNAR_clean_CO2_298.0K_5.0bar_14.0/Output/System_0,0.0,0.0,0.0,0.0
229,JIZWIA_clean,CO2,5.0,298.0,14.0,JIZWIA_clean_CO2_298.0K_5.0bar_14.0/Output/System_0,0.0,0.0,0.0,0.0
230,JORBAV_clean,CO2,5.0,298.0,14.0,JORBAV_clean_CO2_298.0K_5.0bar_14.0/Output/System_0,0.0,0.0,0.0,0.0
231,JUJTAL_clean,CO2,5.0,298.0,14.0,JUJTAL_clean_CO2_298.0K_5.0bar_14.0/Output/System_0,0.0,0.0,0.0,0.0
232,JUPBUT_clean,CO2,5.0,298.0,14.0,JUPBUT_clean_CO2_298.0K_5.0bar_14.0/Output/System_0,0.0,0.0,0.0,0.0
233,KAKBUW_clean,CO2,5.0,298.0,14.0,KAKBUW_clean_CO2_298.0K_5.0bar_14.0/Output/System_0,0.0,0.0,0.0,0.0
234,KAVJEX_clean,CO2,5.0,298.0,14.0,KAVJEX_clean_CO2_298.0K_5.0bar_14.0/Output/System_0,0.0,0.0,0.0,0.0
235,KAXFUM_clean,CO2,5.0,298.0,14.0,KAXFUM_clean_CO2_298.0K_5.0bar_14.0/Output/System_0,0.0,0.0,0.0,0.0
236,KECRAL11_clean,CO2,5.0,298.0,14.0,KECRAL11_clean_CO2_298.0K_5.0bar_14.0/Output/System_0,0.0,0.0,0.0,0.0
237,KEDJAG18_clean,CO2,5.0,298.0,14.0,KEDJAG18_clean_CO2_298.0K_5.0bar_14.0/Output/System_0,0.0,0.0,0.0,0.0
238,KEFFEI01_clean,CO2,5.0,298.0,14.0,KEFFEI01_clean_CO2_298.0K_5.0bar_14.0/Output/System_0,0.0,0.0,0.0,0.0
239,KEFWID_clean,CO2,5.0,298.0,14.0,KEFWID_clean_CO2_298.0K_5.0bar_14.0/Output/System_0,0.0,0.0,0.0,0.0
240,KIYQIU_clean,CO2,5.0,298.0,14.0,KIYQIU_clean_CO2_298.0K_5.0bar_14.0/Output/System_0,0.0,0.0,0.0,0.0
241,KIYXUN_clean,CO2,5.0,298.0,14.0,KIYXUN_clean_CO2_298.0K_5.0bar_14.0/Output/System_0,0.0,0.0,0.0,0.0
242,KOSJAF_clean,CO2,5.0,298.0,14.0,KOSJAF_clean_CO2_298.0K_5.0bar_14.0/Output/System_0,0.0,0.0,0.0,0.0
243,KUDLUR_clean,CO2,5.0,298.0,14.0,KUDLUR_clean_CO2_298.0K_5.0bar_14.0/Output/System_0,0.0,0.0,0.0,0.0
244,KUKPOX_clean,CO2,5.0,298.0,14.0,KUKPOX_clean_CO2_298.0K_5.0bar_14.0/Output/System_0,0.0,0.0,0.0,0.0
245,KUNWEW_clean,CO2,5.0,298.0,14.0,KUNWEW_clean_CO2_298.0K_5.0bar_14.0/Output/System_0,0.0,0.0,0.0,0.0
246,LACYEW_clean,CO2,5.0,298.0,14.0,LACYEW_clean_CO2_298.0K_5.0bar_14.0/Output/System_0,0.0,0.0,0.0,0.0
247,LAGBUS_clean,CO2,5.0,298.0,14.0,LAGBUS_clean_CO2_298.0K_5.0bar_14.0/Output/System_0,0.0,0.0,0.0,0.0
248,LAHTUM_clean,CO2,5.0,298.0,14.0,LAHTUM_clean_CO2_298.0K_5.0bar_14.0/Output/System_0,0.0,0.0,0.0,0.0
249,LAMGUB_clean,CO2,5.0,298.0,14.0,LAMGUB_clean_CO2_298.0K_5.0bar_14.0/Output/System_0,0.0,0.0,0.0,0.0
250,LAMHAI_clean,CO2,5.0,298.0,14.0,LAMHAI_clean_CO2_298.0K_5.0bar_14.0/Output/System_0,0.0,0.0,0.0,0.0
251,LATYOX_clean,CO2,5.0,298.0,14.0,LATYOX_clean_CO2_298.0K_5.0bar_14.0/Output/System_0,0.0,0.0,0.0,0.0
252,LAWGIA_clean,CO2,5.0,298.0,14.0,LAWGIA_clean_CO2_298.0K_5.0bar_14.0/Output/System_0,0.0,0.0,0.0,0.0
253,LETDEU_clean,CO2,5.0,298.0,14.0,LETDEU_clean_CO2_298.0K_5.0bar_14.0/Output/System_0,0.0,0.0,0.0,0.0
254,LETREJ_clean,CO2,5.0,298.0,14.0,LETREJ_clean_CO2_298.0K_5.0bar_14.0/Output/System_0,0.0,0.0,0.0,0.0
255,LEZXAR_clean,CO2,5.0,298.0,14.0,LEZXAR_clean_CO2_298.0K_5.0bar_14.0/Output/System_0,0.0,0.0,0.0,0.0
256,LIRFIB_clean,CO2,5.0,298.0,14.0,LIRFIB_clean_CO2_298.0K_5.0bar_14.0/Output/System_0,0.0,0.0,0.0,0.0
257,LIVKUW_clean,CO2,5.0,298.0,14.0,LIVKUW_clean_CO2_298.0K_5.0bar_14.0/Output/System_0,0.0,0.0,0.0,0.0
258,LIXWAR_clean,CO2,5.0,298.0,14.0,LIXWAR_clean_CO2_298.0K_5.0bar_14.0/Output/System_0,0.0,0.0,0.0,0.0
259,LONVIV_clean,CO2,5.0,298.0,14.0,LONVIV_clean_CO2_298.0K_5.0bar_14.0/Output/System_0,0.0,0.0,0.0,0.0
260,LOVLEP_clean,CO2,5.0,298.0,14.0,LOVLEP_clean_CO2_298.0K_5.0bar_14.0/Output/System_0,0.0,0.0,0.0,0.0
261,LUFNEG_clean,CO2,5.0,298.0,14.0,LUFNEG_clean_CO2_298.0K_5.0bar_14.0/Output/System_0,0.0,0.0,0.0,0.0
262,LUJJOQ_clean,CO2,5.0,298.0,14.0,LUJJOQ_clean_CO2_298.0K_5.0bar_14.0/Output/System_0,0.0,0.0,0.0,0.0
263,LUMYEZ_clean,CO2,5.0,298.0,14.0,LUMYEZ_clean_CO2_298.0K_5.0bar_14.0/Output/System_0,0.0,0.0,0.0,0.0
264,LUSJIT_clean,CO2,5.0,298.0,14.0,LUSJIT_clean_CO2_298.0K_5.0bar_14.0/Output/System_0,0.0,0.0,0.0,0.0
265,LUSQOH_clean,CO2,5.0,298.0,14.0,LUSQOH_clean_CO2_298.0K_5.0bar_14.0/Output/System_0,0.0,0.0,0.0,0.0
266,MAGVOG03_clean,CO2,5.0,298.0,14.0,MAGVOG03_clean_CO2_298.0K_5.0bar_14.0/Output/System_0,0.0,0.0,0.0,0.0
267,MAGVOG08_clean,CO2,5.0,298.0,14.0,MAGVOG08_clean_CO2_298.0K_5.0bar_14.0/Output/System_0,0.0,0.0,0.0,0.0
268,MAGVOG19_clean,CO2,5.0,298.0,14.0,MAGVOG19_clean_CO2_298.0K_5.0bar_14.0/Output/System_0,0.0,0.0,0.0,0.0
269,MAPCIP_clean,CO2,5.0,298.0,14.0,MAPCIP_clean_CO2_298.0K_5.0bar_14.0/Output/System_0,0.0,0.0,0.0,0.0
270,MAQJEW_clean,CO2,5.0,298.0,14.0,MAQJEW_clean_CO2_298.0K_5.0bar_14.0/Output/System_0,0.0,0.0,0.0,0.0
271,MEGBAD_clean,CO2,5.0,298.0,14.0,MEGBAD_clean_CO2_298.0K_5.0bar_14.0/Output/System_0,0.0,0.0,0.0,0.0
272,MEJQOJ_clean,CO2,5.0,298.0,14.0,MEJQOJ_clean_CO2_298.0K_5.0bar_14.0/Output/System_0,0.0,0.0,0.0,0.0
273,MEMGAN_clean,CO2,5.0,298.0,14.0,MEMGAN_clean_CO2_298.0K_5.0bar_14.0/Output/System_0,0.0,0.0,0.0,0.0
274,MEXDAU_clean,CO2,5.0,298.0,14.0,MEXDAU_clean_CO2_298.0K_5.0bar_14.0/Output/System_0,0.0,0.0,0.0,0.0
275,MEYLIN_clean,CO2,5.0,298.0,14.0,MEYLIN_clean_CO2_298.0K_5.0bar_14.0/Output/System_0,0.0,0.0,0.0,0.0
276,MIFROK_clean,CO2,5.0,298.0,14.0,MIFROK_clean_CO2_298.0K_5.0bar_14.0/Output/System_0,0.0,0.0,0.0,0.0
277,MIHLAR_clean,CO2,5.0,298.0,14.0,MIHLAR_clean_CO2_298.0K_5.0bar_14.0/Output/System_0,0.0,0.0,0.0,0.0
278,MISQIQ05_clean,CO2,5.0,298.0,14.0,MISQIQ05_clean_CO2_298.0K_5.0bar_14.0/Output/System_0,0.0,0.0,0.0,0.0
279,MOVHEM_clean,CO2,5.0,298.0,14.0,MOVHEM_clean_CO2_298.0K_5.0bar_14.0/Output/System_0,0.0,0.0,0.0,0.0
280,MUVHAN_clean,CO2,5.0,298.0,14.0,MUVHAN_clean_CO2_298.0K_5.0bar_14.0/Output/System_0,0.0,0.0,0.0,0.0
281,MUVJAP_clean,CO2,5.0,298.0,14.0,MUVJAP_clean_CO2_298.0K_5.0bar_14.0/Output/System_0,0.0,0.0,0.0,0.0
282,NAHFIO_clean,CO2,5.0,298.0,14.0,NAHFIO_clean_CO2_298.0K_5.0bar_14.0/Output/System_0,0.0,0.0,0.0,0.0
283,NAJTAW_clean,CO2,5.0,298.0,14.0,NAJTAW_clean_CO2_298.0K_5.0bar_14.0/Output/System_0,0.0,0.0,0.0,0.0
284,NAMDUD_clean,CO2,5.0,298.0,14.0,NAMDUD_clean_CO2_298.0K_5.0bar_14.0/Output/System_0,0.0,0.0,0.0,0.0
285,NANPUN_clean,CO2,5.0,298.0,14.0,NANPUN_clean_CO2_298.0K_5.0bar_14.0/Output/System_0,0.0,0.0,0.0,0.0
286,NARPOO_clean,CO2,5.0,298.0,14.0,NARPOO_clean_CO2_298.0K_5.0bar_14.0/Output/System_0,0.0,0.0,0.0,0.0
287,NARTUX_clean,CO2,5.0,298.0,14.0,NARTUX_clean_CO2_298.0K_5.0bar_14.0/Output/System_0,0.0,0.0,0.0,0.0
288,NAVLIG_clean,CO2,5.0,298.0,14.0,NAVLIG_clean_CO2_298.0K_5.0bar_14.0/Output/System_0,0.0,0.0,0.0,0.0
289,NAZZEV_clean,CO2,5.0,298.0,14.0,NAZZEV_clean_CO2_298.0K_5.0bar_14.0/Output/System_0,0.0,0.0,0.0,0.0
290,NELWIL_clean,CO2,5.0,298.0,14.0,NELWIL_clean_CO2_298.0K_5.0bar_14.0/Output/System_0,0.0,0.0,0.0,0.0
291,NERVOV_clean,CO2,5.0,298.0,14.0,NERVOV_clean_CO2_298.0K_5.0bar_14.0/Output/System_0,0.0,0.0,0.0,0.0
292,NIKDEQ_clean,CO2,5.0,298.0,14.0,NIKDEQ_clean_CO2_298.0K_5.0bar_14.0/Output/System_0,0.0,0.0,0.0,0.0
293,NIKYOW_clean,CO2,5.0,298.0,14.0,NIKYOW_clean_CO2_298.0K_5.0bar_14.0/Output/System_0,0.0,0.0,0.0,0.0
294,NILGIA_clean,CO2,5.0,298.0,14.0,NILGIA_clean_CO2_298.0K_5.0bar_14.0/Output/System_0,0.0,0.0,0.0,0.0
295,NORPIV_clean,CO2,5.0,298.0,14.0,NORPIV_clean_CO2_298.0K_5.0bar_14.0/Output/System_0,0.0,0.0,0.0,0.0
296,NOWGIR_clean,CO2,5.0,298.0,14.0,NOWGIR_clean_CO2_298.0K_5.0bar_14.0/Output/System_0,0.0,0.0,0.0,0.0
297,NUMPAO_clean,CO2,5.0,298.0,14.0,NUMPAO_clean_CO2_298.0K_5.0bar_14.0/Output/System_0,0.0,0.0,0.0,0.0
298,NUNSIA_clean,CO2,5.0,298.0,14.0,NUNSIA_clean_CO2_298.0K_5.0bar_14.0/Output/System_0,0.0,0.0,0.0,0.0
299,NUTQAV_clean,CO2,5.0,298.0,14.0,NUTQAV_clean_CO2_298.0K_5.0bar_14.0/Output/System_0,0.0,0.0,0.0,0.0
300,NUVXUZ_clean,CO2,5.0,298.0,14.0,NUVXUZ_clean_CO2_298.0K_5.0bar_14.0/Output/System_0,0.0,0.0,0.0,0.0
301,NUVYOT_clean,CO2,5.0,298.0,14.0,NUVYOT_clean_CO2_298.0K_5.0bar_14.0/Output/System_0,0.0,0.0,0.0,0.0
302,NUYNEC_clean,CO2,5.0,298.0,14.0,NUYNEC_clean_CO2_298.0K_5.0bar_14.0/Output/System_0,0.0,0.0,0.0,0.0
303,OCUTEM_clean,CO2,5.0,298.0,14.0,OCUTEM_clean_CO2_298.0K_5.0bar_14.0/Output/System_0,0.0,0.0,0.0,0.0
304,ODODES_clean,CO2,5.0,298.0,14.0,ODODES_clean_CO2_298.0K_5.0bar_14.0/Output/System_0,0.0,0.0,0.0,0.0
305,OFEZIJ_clean,CO2,5.0,298.0,14.0,OFEZIJ_clean_CO2_298.0K_5.0bar_14.0/Output/System_0,0.0,0.0,0.0,0.0
306,OGIJIY_clean,CO2,5.0,298.0,14.0,OGIJIY_clean_CO2_298.0K_5.0bar_14.0/Output/System_0,0.0,0.0,0.0,0.0
307,OKIQAB_clean,CO2,5.0,298.0,14.0,OKIQAB_clean_CO2_298.0K_5.0bar_14.0/Output/System_0,0.0,0.0,0.0,0.0
308,ONEJUN_clean,CO2,5.0,298.0,14.0,ONEJUN_clean_CO2_298.0K_5.0bar_14.0/Output/System_0,0.0,0.0,0.0,0.0
309,ONEYIQ_clean,CO2,5.0,298.0,14.0,ONEYIQ_clean_CO2_298.0K_5.0bar_14.0/Output/System_0,0.0,0.0,0.0,0.0
310,OQUFOX_clean,CO2,5.0,298.0,14.0,OQUFOX_clean_CO2_298.0K_5.0bar_14.0/Output/System_0,0.0,0.0,0.0,0.0
311,OREZAO_clean,CO2,5.0,298.0,14.0,OREZAO_clean_CO2_298.0K_5.0bar_14.0/Output/System_0,0.0,0.0,0.0,0.0
312,OWAVOY_clean,CO2,5.0,298.0,14.0,OWAVOY_clean_CO2_298.0K_5.0bar_14.0/Output/System_0,0.0,0.0,0.0,0.0
313,OWIJIP_clean,CO2,5.0,298.0,14.0,OWIJIP_clean_CO2_298.0K_5.0bar_14.0/Output/System_0,0.0,0.0,0.0,0.0
314,OYIVIC_clean,CO2,5.0,298.0,14.0,OYIVIC_clean_CO2_298.0K_5.0bar_14.0/Output/System_0,0.0,0.0,0.0,0.0
315,PAHPOG_clean,CO2,5.0,298.0,14.0,PAHPOG_clean_CO2_298.0K_5.0bar_14.0/Output/System_0,0.0,0.0,0.0,0.0
316,PALTIH_clean,CO2,5.0,298.0,14.0,PALTIH_clean_CO2_298.0K_5.0bar_14.0/Output/System_0,0.0,0.0,0.0,0.0
317,PAPVAF_clean,CO2,5.0,298.0,14.0,PAPVAF_clean_CO2_298.0K_5.0bar_14.0/Output/System_0,0.0,0.0,0.0,0.0
318,PAVMAB_clean,CO2,5.0,298.0,14.0,PAVMAB_clean_CO2_298.0K_5.0bar_14.0/Output/System_0,0.0,0.0,0.0,0.0
319,PEFRUP01_clean,CO2,5.0,298.0,14.0,PEFRUP01_clean_CO2_298.0K_5.0bar_14.0/Output/System_0,0.0,0.0,0.0,0.0
320,PEGCIP_clean,CO2,5.0,298.0,14.0,PEGCIP_clean_CO2_298.0K_5.0bar_14.0/Output/System_0,0.0,0.0,0.0,0.0
321,PEJFIU_clean,CO2,5.0,298.0,14.0,PEJFIU_clean_CO2_298.0K_5.0bar_14.0/Output/System_0,0.0,0.0,0.0,0.0
322,PELGOE_clean,CO2,5.0,298.0,14.0,PELGOE_clean_CO2_298.0K_5.0bar_14.0/Output/System_0,0.0,0.0,0.0,0.0
323,PESTUD_clean,CO2,5.0,298.0,14.0,PESTUD_clean_CO2_298.0K_5.0bar_14.0/Output/System_0,0.0,0.0,0.0,0.0
324,PETXAP_clean,CO2,5.0,298.0,14.0,PETXAP_clean_CO2_298.0K_5.0bar_14.0/Output/System_0,0.0,0.0,0.0,0.0
325,PIYZAZ_clean,CO2,5.0,298.0,14.0,PIYZAZ_clean_CO2_298.0K_5.0bar_14.0/Output/System_0,0.0,0.0,0.0,0.0
326,PIZSAU_clean,CO2,5.0,298.0,14.0,PIZSAU_clean_CO2_298.0K_5.0bar_14.0/Output/System_0,0.0,0.0,0.0,0.0
327,POLBAT_clean,CO2,5.0,298.0,14.0,POLBAT_clean_CO2_298.0K_5.0bar_14.0/Output/System_0,0.0,0.0,0.0,0.0
328,POXHOA_clean,CO2,5.0,298.0,14.0,POXHOA_clean_CO2_298.0K_5.0bar_14.0/Output/System_0,0.0,0.0,0.0,0.0
329,PUBROU_clean,CO2,5.0,298.0,14.0,PUBROU_clean_CO2_298.0K_5.0bar_14.0/Output/System_0,0.0,0.0,0.0,0.0
330,PUMNOB_clean,CO2,5.0,298.0,14.0,PUMNOB_clean_CO2_298.0K_5.0bar_14.0/Output/System_0,0.0,0.0,0.0,0.0
331,PURSAY_clean,CO2,5.0,298.0,14.0,PURSAY_clean_CO2_298.0K_5.0bar_14.0/Output/System_0,0.0,0.0,0.0,0.0
332,QAPQEE_clean,CO2,5.0,298.0,14.0,QAPQEE_clean_CO2_298.0K_5.0bar_14.0/Output/System_0,0.0,0.0,0.0,0.0
333,QEZLIS_clean,CO2,5.0,298.0,14.0,QEZLIS_clean_CO2_298.0K_5.0bar_14.0/Output/System_0,0.0,0.0,0.0,0.0
334,QEZZAY_clean,CO2,5.0,298.0,14.0,QEZZAY_clean_CO2_298.0K_5.0bar_14.0/Output/System_0,0.0,0.0,0.0,0.0
335,QIDDAI_clean_h,CO2,5.0,298.0,14.0,QIDDAI_clean_h_CO2_298.0K_5.0bar_14.0/Output/System_0,0.0,0.0,0.0,0.0
336,QIQTAN_clean,CO2,5.0,298.0,14.0,QIQTAN_clean_CO2_298.0K_5.0bar_14.0/Output/System_0,0.0,0.0,0.0,0.0
337,QIWGOU_clean,CO2,5.0,298.0,14.0,QIWGOU_clean_CO2_298.0K_5.0bar_14.0/Output/System_0,0.0,0.0,0.0,0.0
338,QIWHEL_clean,CO2,5.0,298.0,14.0,QIWHEL_clean_CO2_298.0K_5.0bar_14.0/Output/System_0,0.0,0.0,0.0,0.0
339,QOKCID_clean,CO2,5.0,298.0,14.0,QOKCID_clean_CO2_298.0K_5.0bar_14.0/Output/System_0,0.0,0.0,0.0,0.0
340,QULMIU_clean,CO2,5.0,298.0,14.0,QULMIU_clean_CO2_298.0K_5.0bar_14.0/Output/System_0,0.0,0.0,0.0,0.0
341,QUQPOI_SL,CO2,5.0,298.0,14.0,QUQPOI_SL_CO2_298.0K_5.0bar_14.0/Output/System_0,0.0,0.0,0.0,0.0
342,QUXROS_clean,CO2,5.0,298.0,14.0,QUXROS_clean_CO2_298.0K_5.0bar_14.0/Output/System_0,0.0,0.0,0.0,0.0
343,RARYUF_clean,CO2,5.0,298.0,14.0,RARYUF_clean_CO2_298.0K_5.0bar_14.0/Output/System_0,0.0,0.0,0.0,0.0
344,RASGAT_clean,CO2,5.0,298.0,14.0,RASGAT_clean_CO2_298.0K_5.0bar_14.0/Output/System_0,0.0,0.0,0.0,0.0
345,RAVCOI_clean,CO2,5.0,298.0,14.0,RAVCOI_clean_CO2_298.0K_5.0bar_14.0/Output/System_0,0.0,0.0,0.0,0.0
346,RAXQEO_clean,CO2,5.0,298.0,14.0,RAXQEO_clean_CO2_298.0K_5.0bar_14.0/Output/System_0,0.0,0.0,0.0,0.0
347,RAYFEE_clean,CO2,5.0,298.0,14.0,RAYFEE_clean_CO2_298.0K_5.0bar_14.0/Output/System_0,0.0,0.0,0.0,0.0
348,REFJET_clean,CO2,5.0,298.0,14.0,REFJET_clean_CO2_298.0K_5.0bar_14.0/Output/System_0,0.0,0.0,0.0,0.0
349,REFTON_SL,CO2,5.0,298.0,14.0,REFTON_SL_CO2_298.0K_5.0bar_14.0/Output/System_0,0.0,0.0,0.0,0.0
350,REZXIE_clean,CO2,5.0,298.0,14.0,REZXIE_clean_CO2_298.0K_5.0bar_14.0/Output/System_0,0.0,0.0,0.0,0.0
351,RIZXUT_clean,CO2,5.0,298.0,14.0,RIZXUT_clean_CO2_298.0K_5.0bar_14.0/Output/System_0,0.0,0.0,0.0,0.0
352,RUBTAK01_SL,CO2,5.0,298.0,14.0,RUBTAK01_SL_CO2_298.0K_5.0bar_14.0/Output/System_0,0.0,0.0,0.0,0.0
353,RUVKAV_clean,CO2,5.0,298.0,14.0,RUVKAV_clean_CO2_298.0K_5.0bar_14.0/Output/System_0,0.0,0.0,0.0,0.0
354,RUYQOT_clean,CO2,5.0,298.0,14.0,RUYQOT_clean_CO2_298.0K_5.0bar_14.0/Output/System_0,0.0,0.0,0.0,0.0
355,RUYVAK_clean,CO2,5.0,298.0,14.0,RUYVAK_clean_CO2_298.0K_5.0bar_14.0/Output/System_0,0.0,0.0,0.0,0.0
356,SABKIS_clean,CO2,5.0,298.0,14.0,SABKIS_clean_CO2_298.0K_5.0bar_14.0/Output/System_0,0.0,0.0,0.0,0.0
357,SABYUS_clean,CO2,5.0,298.0,14.0,SABYUS_clean_CO2_298.0K_5.0bar_14.0/Output/System_0,0.0,0.0,0.0,0.0
358,SAKDAM_clean,CO2,5.0,298.0,14.0,SAKDAM_clean_CO2_298.0K_5.0bar_14.0/Output/System_0,0.0,0.0,0.0,0.0
359,SANGUM_clean,CO2,5.0,298.0,14.0,SANGUM_clean_CO2_298.0K_5.0bar_14.0/Output/System_0,0.0,0.0,0.0,0.0
360,SAXLEK_clean,CO2,5.0,298.0,14.0,SAXLEK_clean_CO2_298.0K_5.0bar_14.0/Output/System_0,0.0,0.0,0.0,0.0
361,SAXRIS_clean,CO2,5.0,298.0,14.0,SAXRIS_clean_CO2_298.0K_5.0bar_14.0/Output/System_0,0.0,0.0,0.0,0.0
362,SEFVEG_clean,CO2,5.0,298.0,14.0,SEFVEG_clean_CO2_298.0K_5.0bar_14.0/Output/System_0,0.0,0.0,0.0,0.0
363,SEHMAU_clean,CO2,5.0,298.0,14.0,SEHMAU_clean_CO2_298.0K_5.0bar_14.0/Output/System_0,0.0,0.0,0.0,0.0
364,SERJOP_clean,CO2,5.0,298.0,14.0,SERJOP_clean_CO2_298.0K_5.0bar_14.0/Output/System_0,0.0,0.0,0.0,0.0
365,SERWET_clean,CO2,5.0,298.0,14.0,SERWET_clean_CO2_298.0K_5.0bar_14.0/Output/System_0,0.0,0.0,0.0,0.0
366,SERWIX_clean,CO2,5.0,298.0,14.0,SERWIX_clean_CO2_298.0K_5.0bar_14.0/Output/System_0,0.0,0.0,0.0,0.0
367,SESDEA_clean,CO2,5.0,298.0,14.0,SESDEA_clean_CO2_298.0K_5.0bar_14.0/Output/System_0,0.0,0.0,0.0,0.0
368,SETXIA_clean,CO2,5.0,298.0,14.0,SETXIA_clean_CO2_298.0K_5.0bar_14.0/Output/System_0,0.0,0.0,0.0,0.0
369,SINZIA_clean,CO2,5.0,298.0,14.0,SINZIA_clean_CO2_298.0K_5.0bar_14.0/Output/System_0,0.0,0.0,0.0,0.0
370,SITFUY_clean,CO2,5.0,298.0,14.0,SITFUY_clean_CO2_298.0K_5.0bar_14.0/Output/System_0,0.0,0.0,0.0,0.0
371,SOBZEQ_clean,CO2,5.0,298.0,14.0,SOBZEQ_clean_CO2_298.0K_5.0bar_14.0/Output/System_0,0.0,0.0,0.0,0.0
372,SOCWOY_clean,CO2,5.0,298.0,14.0,SOCWOY_clean_CO2_298.0K_5.0bar_14.0/Output/System_0,0.0,0.0,0.0,0.0
373,SODXUG_clean,CO2,5.0,298.0,14.0,SODXUG_clean_CO2_298.0K_5.0bar_14.0/Output/System_0,0.0,0.0,0.0,0.0
374,SOXZIP_clean,CO2,5.0,298.0,14.0,SOXZIP_clean_CO2_298.0K_5.0bar_14.0/Output/System_0,0.0,0.0,0.0,0.0
375,SOZRUW_clean,CO2,5.0,298.0,14.0,SOZRUW_clean_CO2_298.0K_5.0bar_14.0/Output/System_0,0.0,0.0,0.0,0.0
376,SUJRIZ_clean,CO2,5.0,298.0,14.0,SUJRIZ_clean_CO2_298.0K_5.0bar_14.0/Output/System_0,0.0,0.0,0.0,0.0
377,SUKRIB_clean,CO2,5.0,298.0,14.0,SUKRIB_clean_CO2_298.0K_5.0bar_14.0/Output/System_0,0.0,0.0,0.0,0.0
378,SUNJER_clean,CO2,5.0,298.0,14.0,SUNJER_clean_CO2_298.0K_5.0bar_14.0/Output/System_0,0.0,0.0,0.0,0.0
379,SUQHUJ_clean,CO2,5.0,298.0,14.0,SUQHUJ_clean_CO2_298.0K_5.0bar_14.0/Output/System_0,0.0,0.0,0.0,0.0
380,SUSZIQ_clean,CO2,5.0,298.0,14.0,SUSZIQ_clean_CO2_298.0K_5.0bar_14.0/Output/System_0,0.0,0.0,0.0,0.0
381,SUXNIJ_clean,CO2,5.0,298.0,14.0,SUXNIJ_clean_CO2_298.0K_5.0bar_14.0/Output/System_0,0.0,0.0,0.0,0.0
382,TADWIG_manual,CO2,5.0,298.0,14.0,TADWIG_manual_CO2_298.0K_5.0bar_14.0/Output/System_0,0.0,0.0,0.0,0.0
383,TAJVIM_clean,CO2,5.0,298.0,14.0,TAJVIM_clean_CO2_298.0K_5.0bar_14.0/Output/System_0,0.0,0.0,0.0,0.0
384,TATFOL_clean,CO2,5.0,298.0,14.0,TATFOL_clean_CO2_298.0K_5.0bar_14.0/Output/System_0,0.0,0.0,0.0,0.0
385,TAZLAJ_clean,CO2,5.0,298.0,14.0,TAZLAJ_clean_CO2_298.0K_5.0bar_14.0/Output/System_0,0.0,0.0,0.0,0.0
386,TAZYAV_clean,CO2,5.0,298.0,14.0,TAZYAV_clean_CO2_298.0K_5.0bar_14.0/Output/System_0,0.0,0.0,0.0,0.0
387,TEBFUD_clean,CO2,5.0,298.0,14.0,TEBFUD_clean_CO2_298.0K_5.0bar_14.0/Output/System_0,0.0,0.0,0.0,0.0
388,TEQVAO_manual,CO2,5.0,298.0,14.0,TEQVAO_manual_CO2_298.0K_5.0bar_14.0/Output/System_0,0.0,0.0,0.0,0.0
389,TIFBOA_clean,CO2,5.0,298.0,14.0,TIFBOA_clean_CO2_298.0K_5.0bar_14.0/Output/System_0,0.0,0.0,0.0,0.0
390,TIQGEG_clean,CO2,5.0,298.0,14.0,TIQGEG_clean_CO2_298.0K_5.0bar_14.0/Output/System_0,0.0,0.0,0.0,0.0
391,TIQGUW_clean,CO2,5.0,298.0,14.0,TIQGUW_clean_CO2_298.0K_5.0bar_14.0/Output/System_0,0.0,0.0,0.0,0.0
392,TOFTIT_clean,CO2,5.0,298.0,14.0,TOFTIT_clean_CO2_298.0K_5.0bar_14.0/Output/System_0,0.0,0.0,0.0,0.0
393,TONLOY_clean,CO2,5.0,298.0,14.0,TONLOY_clean_CO2_298.0K_5.0bar_14.0/Output/System_0,0.0,0.0,0.0,0.0
394,TUMTOK_clean,CO2,5.0,298.0,14.0,TUMTOK_clean_CO2_298.0K_5.0bar_14.0/Output/System_0,0.0,0.0,0.0,0.0
395,TUVDOD_clean,CO2,5.0,298.0,14.0,TUVDOD_clean_CO2_298.0K_5.0bar_14.0/Output/System_0,0.0,0.0,0.0,0.0
396,UBUMAH_clean,CO2,5.0,298.0,14.0,UBUMAH_clean_CO2_298.0K_5.0bar_14.0/Output/System_0,0.0,0.0,0.0,0.0
397,UCALIW_clean,CO2,5.0,298.0,14.0,UCALIW_clean_CO2_298.0K_5.0bar_14.0/Output/System_0,0.0,0.0,0.0,0.0
398,UGAPOI_clean,CO2,5.0,298.0,14.0,UGAPOI_clean_CO2_298.0K_5.0bar_14.0/Output/System_0,0.0,0.0,0.0,0.0
399,UHAXUW_clean,CO2,5.0,298.0,14.0,UHAXUW_clean_CO2_298.0K_5.0bar_14.0/Output/System_0,0.0,0.0,0.0,0.0
400,UHISOU_clean,CO2,5.0,298.0,14.0,UHISOU_clean_CO2_298.0K_5.0bar_14.0/Output/System_0,0.0,0.0,0.0,0.0
401,UJEDIX_clean,CO2,5.0,298.0,14.0,UJEDIX_clean_CO2_298.0K_5.0bar_14.0/Output/System_0,0.0,0.0,0.0,0.0
402,UJIPEK_clean,CO2,5.0,298.0,14.0,UJIPEK_clean_CO2_298.0K_5.0bar_14.0/Output/System_0,0.0,0.0,0.0,0.0
403,ULEPIM_clean,CO2,5.0,298.0,14.0,ULEPIM_clean_CO2_298.0K_5.0bar_14.0/Output/System_0,0.0,0.0,0.0,0.0
404,ULOGAE_clean,CO2,5.0,298.0,14.0,ULOGAE_clean_CO2_298.0K_5.0bar_14.0/Output/System_0,0.0,0.0,0.0,0.0
405,ULOMAL_clean,CO2,5.0,298.0,14.0,ULOMAL_clean_CO2_298.0K_5.0bar_14.0/Output/System_0,0.0,0.0,0.0,0.0
406,UMESIQ_clean,CO2,5.0,298.0,14.0,UMESIQ_clean_CO2_298.0K_5.0bar_14.0/Output/System_0,0.0,0.0,0.0,0.0
407,UMOYOM14_clean,CO2,5.0,298.0,14.0,UMOYOM14_clean_CO2_298.0K_5.0bar_14.0/Output/System_0,0.0,0.0,0.0,0.0
408,UMUBEL_clean,CO2,5.0,298.0,14.0,UMUBEL_clean_CO2_298.0K_5.0bar_14.0/Output/System_0,0.0,0.0,0.0,0.0
409,UNAGUN_clean,CO2,5.0,298.0,14.0,UNAGUN_clean_CO2_298.0K_5.0bar_14.0/Output/System_0,0.0,0.0,0.0,0.0
410,UNIPAJ_clean,CO2,5.0,298.0,14.0,UNIPAJ_clean_CO2_298.0K_5.0bar_14.0/Output/System_0,0.0,0.0,0.0,0.0
411,UTATOA_clean,CO2,5.0,298.0,14.0,UTATOA_clean_CO2_298.0K_5.0bar_14.0/Output/System_0,0.0,0.0,0.0,0.0
412,UXACAY_clean,CO2,5.0,298.0,14.0,UXACAY_clean_CO2_298.0K_5.0bar_14.0/Output/System_0,0.0,0.0,0.0,0.0
413,UYAMOY_clean,CO2,5.0,298.0,14.0,UYAMOY_clean_CO2_298.0K_5.0bar_14.0/Output/System_0,0.0,0.0,0.0,0.0
414,UZOBAN_clean,CO2,5.0,298.0,14.0,UZOBAN_clean_CO2_298.0K_5.0bar_14.0/Output/System_0,0.0,0.0,0.0,0.0
415,VAGMAT_clean,CO2,5.0,298.0,14.0,VAGMAT_clean_CO2_298.0K_5.0bar_14.0/Output/System_0,0.0,0.0,0.0,0.0
416,VAMPUX_clean,CO2,5.0,298.0,14.0,VAMPUX_clean_CO2_298.0K_5.0bar_14.0/Output/System_0,0.0,0.0,0.0,0.0
417,VAMQIM_clean,CO2,5.0,298.0,14.0,VAMQIM_clean_CO2_298.0K_5.0bar_14.0/Output/System_0,0.0,0.0,0.0,0.0
418,VATYOF_clean,CO2,5.0,298.0,14.0,VATYOF_clean_CO2_298.0K_5.0bar_14.0/Output/System_0,0.0,0.0,0.0,0.0
419,VICSIL_clean,CO2,5.0,298.0,14.0,VICSIL_clean_CO2_298.0K_5.0bar_14.0/Output/System_0,0.0,0.0,0.0,0.0
420,VILXOE_clean,CO2,5.0,298.0,14.0,VILXOE_clean_CO2_298.0K_5.0bar_14.0/Output/System_0,0.0,0.0,0.0,0.0
421,VITZIJ_clean,CO2,5.0,298.0,14.0,VITZIJ_clean_CO2_298.0K_5.0bar_14.0/Output/System_0,0.0,0.0,0.0,0.0
422,VIWLOE_clean,CO2,5.0,298.0,14.0,VIWLOE_clean_CO2_298.0K_5.0bar_14.0/Output/System_0,0.0,0.0,0.0,0.0
423,VONDOT_clean,CO2,5.0,298.0,14.0,VONDOT_clean_CO2_298.0K_5.0bar_14.0/Output/System_0,0.0,0.0,0.0,0.0
424,VUCDAA_clean,CO2,5.0,298.0,14.0,VUCDAA_clean_CO2_298.0K_5.0bar_14.0/Output/System_0,0.0,0.0,0.0,0.0
425,VUHMUI_clean,CO2,5.0,298.0,14.0,VUHMUI_clean_CO2_298.0K_5.0bar_14.0/Output/System_0,0.0,0.0,0.0,0.0
426,VUNNEZ_clean,CO2,5.0,298.0,14.0,VUNNEZ_clean_CO2_298.0K_5.0bar_14.0/Output/System_0,0.0,0.0,0.0,0.0
427,WAGQAY_clean,CO2,5.0,298.0,14.0,WAGQAY_clean_CO2_298.0K_5.0bar_14.0/Output/System_0,0.0,0.0,0.0,0.0
428,WAGZEL_clean,CO2,5.0,298.0,14.0,WAGZEL_clean_CO2_298.0K_5.0bar_14.0/Output/System_0,0.0,0.0,0.0,0.0
429,WAHREE_clean,CO2,5.0,298.0,14.0,WAHREE_clean_CO2_298.0K_5.0bar_14.0/Output/System_0,0.0,0.0,0.0,0.0
430,WALMOO_clean,CO2,5.0,298.0,14.0,WALMOO_clean_CO2_298.0K_5.0bar_14.0/Output/System_0,0.0,0.0,0.0,0.0
431,WAQFAX_clean,CO2,5.0,298.0,14.0,WAQFAX_clean_CO2_298.0K_5.0bar_14.0/Output/System_0,0.0,0.0,0.0,0.0
432,WAVQIV_ion_b,CO2,5.0,298.0,14.0,WAVQIV_ion_b_CO2_298.0K_5.0bar_14.0/Output/System_0,0.0,0.0,0.0,0.0
433,WAVROC_clean,CO2,5.0,298.0,14.0,WAVROC_clean_CO2_298.0K_5.0bar_14.0/Output/System_0,0.0,0.0,0.0,0.0
434,WAYMIU_manual,CO2,5.0,298.0,14.0,WAYMIU_manual_CO2_298.0K_5.0bar_14.0/Output/System_0,0.0,0.0,0.0,0.0
435,WECBAJ_clean,CO2,5.0,298.0,14.0,WECBAJ_clean_CO2_298.0K_5.0bar_14.0/Output/System_0,0.0,0.0,0.0,0.0
436,WEDWUZ_clean,CO2,5.0,298.0,14.0,WEDWUZ_clean_CO2_298.0K_5.0bar_14.0/Output/System_0,0.0,0.0,0.0,0.0
437,WEJSAH_clean,CO2,5.0,298.0,14.0,WEJSAH_clean_CO2_298.0K_5.0bar_14.0/Output/System_0,0.0,0.0,0.0,0.0
438,WEWTOI_clean,CO2,5.0,298.0,14.0,WEWTOI_clean_CO2_298.0K_5.0bar_14.0/Output/System_0,0.0,0.0,0.0,0.0
439,WEYQAU06_clean,CO2,5.0,298.0,14.0,WEYQAU06_clean_CO2_298.0K_5.0bar_14.0/Output/System_0,0.0,0.0,0.0,0.0
440,WIHTIS_clean,CO2,5.0,298.0,14.0,WIHTIS_clean_CO2_298.0K_5.0bar_14.0/Output/System_0,0.0,0.0,0.0,0.0
441,WIPLOY_clean,CO2,5.0,298.0,14.0,WIPLOY_clean_CO2_298.0K_5.0bar_14.0/Output/System_0,0.0,0.0,0.0,0.0
442,WOBHEB_clean,CO2,5.0,298.0,14.0,WOBHEB_clean_CO2_298.0K_5.0bar_14.0/Output/System_0,0.0,0.0,0.0,0.0
443,WOGLAG_clean,CO2,5.0,298.0,14.0,WOGLAG_clean_CO2_298.0K_5.0bar_14.0/Output/System_0,0.0,0.0,0.0,0.0
444,WOHZAU_clean,CO2,5.0,298.0,14.0,WOHZAU_clean_CO2_298.0K_5.0bar_14.0/Output/System_0,0.0,0.0,0.0,0.0
445,WONXIH_clean,CO2,5.0,298.0,14.0,WONXIH_clean_CO2_298.0K_5.0bar_14.0/Output/System_0,0.0,0.0,0.0,0.0
446,WOWMAY_clean,CO2,5.0,298.0,14.0,WOWMAY_clean_CO2_298.0K_5.0bar_14.0/Output/System_0,0.0,0.0,0.0,0.0
447,WUDYUR_clean,CO2,5.0,298.0,14.0,WUDYUR_clean_CO2_298.0K_5.0bar_14.0/Output/System_0,0.0,0.0,0.0,0.0
448,WULKAQ_clean,CO2,5.0,298.0,14.0,WULKAQ_clean_CO2_298.0K_5.0bar_14.0/Output/System_0,0.0,0.0,0.0,0.0
449,WUNTOP_clean,CO2,5.0,298.0,14.0,WUNTOP_clean_CO2_298.0K_5.0bar_14.0/Output/System_0,0.0,0.0,0.0,0.0
450,WUTBUI_clean,CO2,5.0,298.0,14.0,WUTBUI_clean_CO2_298.0K_5.0bar_14.0/Output/System_0,0.0,0.0,0.0,0.0
451,WUXMIL_clean,CO2,5.0,298.0,14.0,WUXMIL_clean_CO2_298.0K_5.0bar_14.0/Output/System_0,0.0,0.0,0.0,0.0
452,XACSIG_clean,CO2,5.0,298.0,14.0,XACSIG_clean_CO2_298.0K_5.0bar_14.0/Output/System_0,0.0,0.0,0.0,0.0
453,XALCOD_clean,CO2,5.0,298.0,14.0,XALCOD_clean_CO2_298.0K_5.0bar_14.0/Output/System_0,0.0,0.0,0.0,0.0
454,XAMDOF_clean,CO2,5.0,298.0,14.0,XAMDOF_clean_CO2_298.0K_5.0bar_14.0/Output/System_0,0.0,0.0,0.0,0.0
455,XANMUX03_clean,CO2,5.0,298.0,14.0,XANMUX03_clean_CO2_298.0K_5.0bar_14.0/Output/System_0,0.0,0.0,0.0,0.0
456,XANZAQ04_clean,CO2,5.0,298.0,14.0,XANZAQ04_clean_CO2_298.0K_5.0bar_14.0/Output/System_0,0.0,0.0,0.0,0.0
457,XANZAQ07_clean,CO2,5.0,298.0,14.0,XANZAQ07_clean_CO2_298.0K_5.0bar_14.0/Output/System_0,0.0,0.0,0.0,0.0
458,XAPCOJ02_clean,CO2,5.0,298.0,14.0,XAPCOJ02_clean_CO2_298.0K_5.0bar_14.0/Output/System_0,0.0,0.0,0.0,0.0
459,XAQTOY01_clean,CO2,5.0,298.0,14.0,XAQTOY01_clean_CO2_298.0K_5.0bar_14.0/Output/System_0,0.0,0.0,0.0,0.0
460,XEDLUN01_clean,CO2,5.0,298.0,14.0,XEDLUN01_clean_CO2_298.0K_5.0bar_14.0/Output/System_0,0.0,0.0,0.0,0.0
461,XEJTIR_clean,CO2,5.0,298.0,14.0,XEJTIR_clean_CO2_298.0K_5.0bar_14.0/Output/System_0,0.0,0.0,0.0,0.0
462,XEQRAO_clean,CO2,5.0,298.0,14.0,XEQRAO_clean_CO2_298.0K_5.0bar_14.0/Output/System_0,0.0,0.0,0.0,0.0
463,XIGWUF_clean,CO2,5.0,298.0,14.0,XIGWUF_clean_CO2_298.0K_5.0bar_14.0/Output/System_0,0.0,0.0,0.0,0.0
464,XILSIW_clean,CO2,5.0,298.0,14.0,XILSIW_clean_CO2_298.0K_5.0bar_14.0/Output/System_0,0.0,0.0,0.0,0.0
465,XIMPOA01_clean,CO2,5.0,298.0,14.0,XIMPOA01_clean_CO2_298.0K_5.0bar_14.0/Output/System_0,0.0,0.0,0.0,0.0
466,XISDOU_clean,CO2,5.0,298.0,14.0,XISDOU_clean_CO2_298.0K_5.0bar_14.0/Output/System_0,0.0,0.0,0.0,0.0
467,XISPEW02_clean,CO2,5.0,298.0,14.0,XISPEW02_clean_CO2_298.0K_5.0bar_14.0/Output/System_0,0.0,0.0,0.0,0.0
468,XODPUD_clean,CO2,5.0,298.0,14.0,XODPUD_clean_CO2_298.0K_5.0bar_14.0/Output/System_0,0.0,0.0,0.0,0.0
469,XOKHAH_clean,CO2,5.0,298.0,14.0,XOKHAH_clean_CO2_298.0K_5.0bar_14.0/Output/System_0,0.0,0.0,0.0,0.0
470,XOVQEF_SL,CO2,5.0,298.0,14.0,XOVQEF_SL_CO2_298.0K_5.0bar_14.0/Output/System_0,0.0,0.0,0.0,0.0
471,XUBJAF01_clean,CO2,5.0,298.0,14.0,XUBJAF01_clean_CO2_298.0K_5.0bar_14.0/Output/System_0,0.0,0.0,0.0,0.0
472,XUGROI_clean,CO2,5.0,298.0,14.0,XUGROI_clean_CO2_298.0K_5.0bar_14.0/Output/System_0,0.0,0.0,0.0,0.0
473,XULGUI_clean,CO2,5.0,298.0,14.0,XULGUI_clean_CO2_298.0K_5.0bar_14.0/Output/System_0,0.0,0.0,0.0,0.0
474,YARGAB_clean,CO2,5.0,298.0,14.0,YARGAB_clean_CO2_298.0K_5.0bar_14.0/Output/System_0,0.0,0.0,0.0,0.0
475,YATWAU_clean,CO2,5.0,298.0,14.0,YATWAU_clean_CO2_298.0K_5.0bar_14.0/Output/System_0,0.0,0.0,0.0,0.0
476,YEKXET_clean,CO2,5.0,298.0,14.0,YEKXET_clean_CO2_298.0K_5.0bar_14.0/Output/System_0,0.0,0.0,0.0,0.0
477,YEKXOD_clean,CO2,5.0,298.0,14.0,YEKXOD_clean_CO2_298.0K_5.0bar_14.0/Output/System_0,0.0,0.0,0.0,0.0
478,YEMTIV_clean,CO2,5.0,298.0,14.0,YEMTIV_clean_CO2_298.0K_5.0bar_14.0/Output/System_0,0.0,0.0,0.0,0.0
479,YICQUY_clean,CO2,5.0,298.0,14.0,YICQUY_clean_CO2_298.0K_5.0bar_14.0/Output/System_0,0.0,0.0,0.0,0.0
480,YINCOP_clean,CO2,5.0,298.0,14.0,YINCOP_clean_CO2_298.0K_5.0bar_14.0/Output/System_0,0.0,0.0,0.0,0.0
481,YIWBIR_clean,CO2,5.0,298.0,14.0,YIWBIR_clean_CO2_298.0K_5.0bar_14.0/Output/System_0,0.0,0.0,0.0,0.0
482,YOCNAH_clean,CO2,5.0,298.0,14.0,YOCNAH_clean_CO2_298.0K_5.0bar_14.0/Output/System_0,0.0,0.0,0.0,0.0
483,YOZCEW_clean,CO2,5.0,298.0,14.0,YOZCEW_clean_CO2_298.0K_5.0bar_14.0/Output/System_0,0.0,0.0,0.0,0.0
484,YUMKAU_clean,CO2,5.0,298.0,14.0,YUMKAU_clean_CO2_298.0K_5.0bar_14.0/Output/System_0,0.0,0.0,0.0,0.0
485,YUNJIB_clean,CO2,5.0,298.0,14.0,YUNJIB_clean_CO2_298.0K_5.0bar_14.0/Output/System_0,0.0,0.0,0.0,0.0
486,YUXMUZ_clean,CO2,5.0,298.0,14.0,YUXMUZ_clean_CO2_298.0K_5.0bar_14.0/Output/System_0,0.0,0.0,0.0,0.0
487,YUYLIP_clean,CO2,5.0,298.0,14.0,YUYLIP_clean_CO2_298.0K_5.0bar_14.0/Output/System_0,0.0,0.0,0.0,0.0
488,YUZPEQ_clean,CO2,5.0,298.0,14.0,YUZPEQ_clean_CO2_298.0K_5.0bar_14.0/Output/System_0,0.0,0.0,0.0,0.0
489,ZAHLIG_clean,CO2,5.0,298.0,14.0,ZAHLIG_clean_CO2_298.0K_5.0bar_14.0/Output/System_0,0.0,0.0,0.0,0.0
490,ZASJAG_clean,CO2,5.0,298.0,14.0,ZASJAG_clean_CO2_298.0K_5.0bar_14.0/Output/System_0,0.0,0.0,0.0,0.0
491,ZAYJUG_clean,CO2,5.0,298.0,14.0,ZAYJUG_clean_CO2_298.0K_5.0bar_14.0/Output/System_0,0.0,0.0,0.0,0.0
492,ZEHCAQ01_clean,CO2,5.0,298.0,14.0,ZEHCAQ01_clean_CO2_298.0K_5.0bar_14.0/Output/System_0,0.0,0.0,0.0,0.0
493,ZIVCOY_clean,CO2,5.0,298.0,14.0,ZIVCOY_clean_CO2_298.0K_5.0bar_14.0/Output/System_0,0.0,0.0,0.0,0.0
494,ZOFZOL_clean,CO2,5.0,298.0,14.0,ZOFZOL_clean_CO2_298.0K_5.0bar_14.0/Output/System_0,0.0,0.0,0.0,0.0
495,ZOFZUR_clean,CO2,5.0,298.0,14.0,ZOFZUR_clean_CO2_298.0K_5.0bar_14.0/Output/System_0,0.0,0.0,0.0,0.0
496,ZOMKAP_clean,CO2,5.0,298.0,14.0,ZOMKAP_clean_CO2_298.0K_5.0bar_14.0/Output/System_0,0.0,0.0,0.0,0.0
497,ZOMNUM_clean,CO2,5.0,298.0,14.0,ZOMNUM_clean_CO2_298.0K_5.0bar_14.0/Output/System_0,0.0,0.0,0.0,0.0
498,ZOTKAW_clean,CO2,5.0,298.0,14.0,ZOTKAW_clean_CO2_298.0K_5.0bar_14.0/Output/System_0,0.0,0.0,0.0,0.0
499,ZUDPEV_clean,CO2,5.0,298.0,14.0,ZUDPEV_clean_CO2_298.0K_5.0bar_14.0/Output/System_0,0.0,0.0,0.0,0.0
